{"cameraMode":{"drawMode":0,"name":"Shaded","section":"Shading Mode"},"sceneLighting":true,"audioPlay":false,"sceneViewState":{"m_AlwaysRefresh":false,"showFog":true,"showSkybox":true,"showFlares":true,"showImageEffects":true,"showParticleSystems":true,"showVisualEffectGraphs":true,"m_FxEnabled":true},"in2DMode":false,"pivot":{"x":32.95098876953125,"y":0.13101723790168763,"z":25.878036499023439},"rotation":{"x":0.20114608108997346,"y":0.3372228741645813,"z":-0.07399425655603409,"w":0.9167050719261169},"size":25.095504760742189,"orthographic":true}